mot,score
rent,2.6595574481722193
mant,3.023001804053733
cont,3.029136682775327
ents,3.2381843683430627
sant,3.3180255115012653
cant,3.3256735561447495
ables,3.3822882953002056
pent,3.4206243809981394
rant,3.4882016540083036
pant,3.496743134496487
sions,3.5827164323706735
lant,3.627801972648954
bant,3.6341469314871624
dions,3.750098770502875
surait,3.8281666466335107
mait,3.834506355848033
hant,3.8778028911117364
fant,3.881705453386668
ants,3.9299207820599213
vions,3.9498017126345415
rens,4.023148300029412
ints,4.030318138121381
strait,4.042988194749057
trai,4.055934423938047
abler,4.064118628419847
pait,4.07297467651641
siont,4.109705404844827
mint,4.225550814057743
prodes,4.231902037548935
scons,4.2368081791761485
tent,4.240517248942977
grai,4.2463525860493405
proses,4.258422675110089
dant,4.2621827126738
strant,4.26572402760264
fent,4.288810174646917
ront,4.303713932609737
cait,4.321464476524595
mans,4.3579698050519795
ablez,4.4101673917837445
pard,4.4181199826956945
tont,4.427954752003262
parge,4.43244552730248
acons,4.475601644130995
adons,4.50908247750197
atrait,4.542213608030615
amons,4.56494163424112
scrait,4.570303842109981
dait,4.576705102516953
proles,4.598627085523707
strais,4.599568305077584
prones,4.640403435899384
sorait,4.645578168953739
tras,4.677063738403678
plit,4.711232159098424
ablis,4.712481246427781
bont,4.718242299807455
crotes,4.719522248216723
mions,4.722551468270448
cans,4.794302444578047
card,4.7983260358242825
stons,4.839714405862178
prides,4.842725778909425
prodis,4.8482239577167
scont,4.860008823452849
crai,4.878452960008779
solis,4.896860351303246
pint,4.919983885123864
promes,4.926939128077209
proges,4.931302774256556
alons,4.9322008830416895
crodes,4.932298189979455
exis,4.935930541190269
lont,4.938094545184034
alit,4.938769469502086
plai,4.940896032924287
nont,4.958282543194935
croses,4.963208095615111
atons,4.965095338872209
mard,4.971886390658225
straie,4.972802404007909
apons,4.977330213794338
parne,4.988234549301392
procks,4.993019768040889
proces,4.99378426788575
proder,5.013479429130153
cone,5.024347622049445
predes,5.048283427174801
hont,5.053363847355328
gions,5.055591026573056
crides,5.057754676022526
bard,5.072215723668858
abit,5.073832769026853
suyait,5.0749146562421945
sarait,5.087688948674727
bent,5.090064834485043
amins,5.092250520228793
clai,5.097335220162257
propes,5.109517501477093
strai,5.128269473984331
cais,5.132359626047017
pens,5.174424479121343
calion,5.188285534284972
atins,5.189850796314853
proves,5.195278755198099
apit,5.195859664843568
clis,5.200037628479563
gont,5.210184759686726
jurs,5.21193873722001
lans,5.229851809652156
spons,5.259261615104836
sirait,5.266041516809492
grate,5.2861211013899805
atit,5.290571668330361
surrit,5.291047139566729
acit,5.293375360578076
shons,5.307140935777764
abres,5.307600722879364
frodes,5.310059271372471
obit,5.321832728046778
poit,5.323130325512191
avit,5.332528532436477
perne,5.336513492448042
bint,5.340400231931315
atine,5.342356437254378
cara,5.343073800342625
clit,5.3496333344755405
croles,5.359717651558891
ablet,5.36002696535029
cord,5.362560305460979
sumait,5.382321299658355
curs,5.405592973531123
rede,5.4068740691657995
prodez,5.4071036234465675
crones,5.408408149475344
flai,5.417391840522948
hent,5.424566723809636
core,5.451955726775193
imis,5.474723640389455
grodes,5.483971953763442
cort,5.498484848761362
brudes,5.500939417193281
nent,5.509947209590881
rerne,5.5277572315201455
alins,5.528742423336288
amit,5.529688651375049
jant,5.534228729218005
apins,5.5345415567343315
furs,5.553372179976417
bredes,5.5821659433420265
aules,5.583788432535338
ends,5.584337227055085
hans,5.590253994141459
arai,5.592406272956447
drai,5.594298288395864
hurs,5.596785920763367
reds,5.601408862551699
cint,5.610625592660325
barne,5.614891026509091
gard,5.619507079138689
perge,5.62005993978928
scraie,5.621391119224315
atise,5.624972242260908
snons,5.626079955039559
mane,5.632218741828561
cout,5.638548313271798
ford,5.638861740830502
priles,5.652958942505016
turdes,5.662864725230866
atire,5.663395415552267
cose,5.665300133542841
pord,5.681832733571889
perie,5.689283927644038
caie,5.695028739172504
cong,5.70345926752891
harge,5.71852190878998
flit,5.722011329462773
callon,5.726524431068744
abses,5.750714478929245
eurs,5.752821731334815
jait,5.7695845490003705
fora,5.769781557715945
moit,5.78221166960646
reve,5.804928522984931
croces,5.8202748757167875
blit,5.826408192405662
lurait,5.828084972333112
perre,5.831139227411383
acins,5.832826755657764
proyes,5.841356899877056
croder,5.843229662310429
arit,5.851563748412066
aude,5.859537940902191
afles,5.861217265828451
allis,5.8680110907405405
rete,5.9056107562971984
ablie,5.914464080887706
coit,5.932693312217363
anit,5.935257633988997
cond,5.940556408256631
cropes,5.955162407020248
credes,5.960097118107393
strair,5.974379684348975
asons,5.984673674918513
coodes,5.998447755534415
yant,5.998710968155089
acine,6.00422647749417
allit,6.012413052175921
torne,6.012857688882612
grane,6.02497972917973
scins,6.025712776427384
gurs,6.026029755118249
avine,6.029042424631657
guit,6.033433311806289
slons,6.0359664945151135
munt,6.038596927258125
perve,6.041024390630765
cablon,6.048310277543677
croves,6.0551174798799865
aurs,6.058543146333092
glai,6.059419325369106
prai,6.072950457269418
burs,6.086850701497827
illis,6.092714973873902
scens,6.092995697802207
prades,6.094069111418977
cabion,6.100785770297753
broces,6.107483415682741
drodes,6.109518399575808
jont,6.112505640521162
rint,6.1419108337201305
rurait,6.1420990335321655
econs,6.142950046777863
arra,6.147392523573519
glit,6.151802325216424
rect,6.1529945415269935
serne,6.16757304528593
rece,6.170921069853101
lurs,6.180370540448882
cabron,6.184277796642231
cart,6.1849305098071135
projes,6.197891074274009
phodes,6.207244584543936
acles,6.21052966822248
atice,6.210892483307832
cona,6.2235044670081505
utons,6.224517973416265
phoues,6.225979649714363
mang,6.228501487411312
kant,6.239446218777019
illit,6.242646522926762
mallon,6.250832350434125
exie,6.264049614351073
strale,6.267995071245907
stiait,6.268956842814889
enes,6.2873174870047945
adra,6.2935254444441
abis,6.29581940237267
asit,6.297583364147457
avie,6.30078506479368
surd,6.309496599692841
flas,6.312391036014243
derne,6.330509880802536
rere,6.3430824002198225
sutait,6.353744645022471
arice,6.361087042699652
alai,6.3615194468942615
scans,6.365868942910026
aples,6.3748150555264305
souale,6.407373332870494
mart,6.408645765063001
atite,6.40995590415711
ferne,6.412851039379577
harne,6.435573405393483
pret,6.440981506611184
plodes,6.453989579367198
tablon,6.461678096401235
oent,6.4631790018781965
produs,6.470177559535244
struit,6.476701990290688
breces,6.483560114953499
strade,6.492710087047007
phit,6.4983513169870415
enis,6.509838027964459
kint,6.5114543216630345
tral,6.513503971075404
abra,6.519049271291627
parna,6.52173434816192
tair,6.525658308549334
aphe,6.527286424769815
carlon,6.546892388015072
sabron,6.561546976541205
atile,6.566293401100314
blai,6.571374697549887
hablon,6.578029698843317
iont,6.5809007534647215
orai,6.59793369542675
purne,6.604198288292505
hara,6.6224604093451465
anles,6.623347965027082
rurs,6.628304220831145
rablon,6.633775790244203
abues,6.642248147816927
afra,6.6486840116060115
atra,6.6571942630974945
ablen,6.658155437575304
brocis,6.69678783445714
icons,6.698136146974621
sord,6.704292124133937
auler,6.709415816905673
strace,6.711207062362379
habron,6.7259054422602995
cablen,6.73831582011849
rene,6.740388409077793
freces,6.747728379148823
atirs,6.766695053587006
rept,6.768664411738283
strave,6.787203243432231
agra,6.7939293815784305
strane,6.802578866032298
croyes,6.80812405595635
tallon,6.808483207217048
zant,6.8098691368547355
gral,6.819300200855805
guai,6.825003960376281
ubles,6.836411209584849
strase,6.848093020735867
parve,6.8500152730759165
sora,6.859948484864077
zont,6.8599521494238935
repe,6.861248190295561
amai,6.870568578550373
aclis,6.873677934381508
arda,6.874452623805664
strain,6.8781249865618665
amors,6.907933736005607
atime,6.919340928327556
creces,6.922518668994485
ablin,6.9393409404383535
sard,6.954412940106556
syraie,6.957187807482074
stroit,6.975676778345168
perna,6.977082372360011
ahons,6.978517559024244
prodos,6.979387162487325
cablin,6.986668234534918
engs,6.987258353848394
fara,6.988945446015881
yont,6.991478366275609
rena,6.992932893739619
arlis,6.998491744226799
zint,7.019155755093175
lablon,7.021912730800964
callat,7.026891334303635
vurait,7.049796640897482
atits,7.055367091172869
ableu,7.056401324499081
grat,7.064136831803637
irodes,7.068360791006118
siong,7.069199542496884
parpe,7.0712790316910885
enti,7.07346479280552
gran,7.085094457565335
scrale,7.085512145112669
cablot,7.089224303979249
piai,7.089932826920902
cams,7.105893738640927
sonole,7.125674214226786
reng,7.126873113220205
cabson,7.130302703286822
hallon,7.165352059381945
alois,7.169201874688213
abice,7.177148456568381
plin,7.192783661971655
gors,7.196055020877533
coni,7.196205943817193
ciai,7.1963920812234745
prodas,7.200734571436174
pang,7.204583796510212
atina,7.207152511188528
prodys,7.232956320906074
cablan,7.242757684628333
crores,7.2482350389270875
alet,7.2522206242798735
fars,7.252707516630595
faus,7.262256942470456
merne,7.268253929225611
cair,7.273633411837351
scots,7.274486093747768
rebe,7.278838343062238
avir,7.295995245441408
etrait,7.296307646789494
snit,7.300140490620627
aint,7.303563368898707
proden,7.321693281038168
atils,7.32248876147333
erai,7.334914475412401
altis,7.349807106392722
scous,7.354242083953097
pundes,7.35618523232752
herne,7.360522170203204
redo,7.366186867059986
cono,7.381133865221039
gablon,7.381696548428718
swes,7.382671647401784
phai,7.384430309424298
onts,7.403261838431437
alpit,7.410229385005939
strole,7.414316446688403
strail,7.424422205202849
vard,7.434155200374852
flus,7.440501915142075
pablon,7.448614685416785
obie,7.4610431263888115
paige,7.468372918842486
boaces,7.472957744749843
skrait,7.488088184814591
jard,7.49516567632508
nerne,7.51811082705731
fallon,7.52031024529573
strele,7.528517816691241
alin,7.540171902137176
crodus,7.541016966504473
apai,7.544523405320725
gabron,7.547638922475677
mablon,7.569309913846788
pert,7.569550951893005
plir,7.577374997472553
brojes,7.580126596931044
efus,7.593017033739303
prozes,7.595929567266775
gerne,7.596967276007752
yent,7.607690277798434
abai,7.6113029818064675
proxys,7.613553644431823
arta,7.614832423718599
pabron,7.616061395824055
scors,7.620105149981496
coot,7.631510230356724
roge,7.643546004994688
abil,7.679591716156082
acots,7.684488073216582
asie,7.690432837640029
pagme,7.692922665741904
afai,7.695229776175083
baus,7.712204629439554
uredes,7.721834488266683
mabron,7.739469883002969
perir,7.745336722585304
pargo,7.752928640167502
sprait,7.770837775177418
crocez,7.777309106819215
psit,7.795761146191982
cand,7.803471164227596
straye,7.80835390679027
plif,7.81200267614058
abin,7.825471767745461
bone,7.826021722324835
strals,7.841193878524261
wurait,7.850331531903096
conc,7.864034452133316
lerne,7.872371377285217
rert,7.886967014781805
cahs,7.888716676244464
scois,7.890432827196642
kurait,7.894073077832823
atics,7.897827256410892
cabhon,7.913565401516869
hord,7.916692292409294
pect,7.923500589707211
vord,7.928932692634959
merce,7.935015194507047
alir,7.943337758088194
cori,7.952991267998095
vurs,7.965544464977196
cynt,7.972758068326147
abbes,7.978636612247903
runt,7.994438848251179
persa,7.99692615097158
wint,8.002629956887835
pias,8.004416864999332
hablos,8.025780815305138
zait,8.030916320362413
vablon,8.03389800066565
strams,8.038088384711914
rerd,8.0457218481873
sians,8.045862962093027
vore,8.061110279133764
paus,8.06348529216984
avin,8.064904720021485
piodes,8.065402164215637
ulai,8.073887598086385
absis,8.091704973541722
orodes,8.123137914981745
adles,8.13644522146024
biedes,8.141235362849924
endo,8.143336487370755
enas,8.149116089122588
dallon,8.149148143200694
nablon,8.150039102889707
